<?xml version="1.0" encoding="UTF-8"?>
<project name="module_prototype" default="compile.module.prototype">
  <dirname property="module.prototype.basedir" file="${ant.file.module_prototype}"/>
  
  <property name="module.jdk.home.prototype" value=""/>
  <property name="module.jdk.bin.prototype" value=""/>
  <property name="module.jdk.classpath.prototype" value=""/>
  
  <property name="compiler.args.prototype" value="-encoding UTF-8 -source 1.8 -target 1.8 ${compiler.args}"/>
  
  <property name="prototype.output.dir" value="undefined"/>
  <property name="prototype.testoutput.dir" value="undefined"/>
  
  <path id="prototype.module.bootclasspath">
    <!-- Paths to be included in compilation bootclasspath -->
  </path>
  
  <path id="prototype.module.production.classpath"/>
  
  <path id="prototype.runtime.production.module.classpath"/>
  
  <path id="prototype.module.classpath"/>
  
  <path id="prototype.runtime.module.classpath"/>
  
  
  <patternset id="excluded.from.module.prototype">
    <patternset refid="ignored.files"/>
  </patternset>
  
  <patternset id="excluded.from.compilation.prototype">
    <patternset refid="excluded.from.module.prototype"/>
  </patternset>
  
  
  <target name="compile.module.prototype" depends="compile.module.prototype.production,compile.module.prototype.tests" description="Compile module Prototype"/>
  
  <target name="compile.module.prototype.production" depends="register.custom.compilers" description="Compile module Prototype; production classes"/>
  
  <target name="compile.module.prototype.tests" depends="register.custom.compilers,compile.module.prototype.production" description="compile module Prototype; test classes" unless="skip.tests"/>
  
  <target name="clean.module.prototype" description="cleanup module">
    <delete dir="${prototype.output.dir}"/>
    <delete dir="${prototype.testoutput.dir}"/>
  </target>
</project>