<?xml version="1.0" encoding="UTF-8"?>
<project name="prototype" default="all">
  
  
  <property file="prototype.properties"/>
  <!-- Uncomment the following property if no tests compilation is needed -->
  <!-- 
  <property name="skip.tests" value="true"/>
   -->
  
  <!-- Compiler options -->
  
  <property name="compiler.debug" value="on"/>
  <property name="compiler.generate.no.warnings" value="off"/>
  <property name="compiler.args" value=""/>
  <property name="compiler.max.memory" value="700m"/>
  <patternset id="ignored.files">
    <exclude name="**/*.hprof/**"/>
    <exclude name="**/*.pyc/**"/>
    <exclude name="**/*.pyo/**"/>
    <exclude name="**/*.rbc/**"/>
    <exclude name="**/*.yarb/**"/>
    <exclude name="**/*~/**"/>
    <exclude name="**/.DS_Store/**"/>
    <exclude name="**/.git/**"/>
    <exclude name="**/.hg/**"/>
    <exclude name="**/.svn/**"/>
    <exclude name="**/CVS/**"/>
    <exclude name="**/__pycache__/**"/>
    <exclude name="**/_svn/**"/>
    <exclude name="**/vssver.scc/**"/>
    <exclude name="**/vssver2.scc/**"/>
  </patternset>
  <patternset id="library.patterns">
    <include name="*.war"/>
    <include name="*.swc"/>
    <include name="*.zip"/>
    <include name="*.egg"/>
    <include name="*.ane"/>
    <include name="*.jar"/>
    <include name="*.ear"/>
  </patternset>
  <patternset id="compiler.resources">
    <exclude name="**/?*.java"/>
    <exclude name="**/?*.form"/>
    <exclude name="**/?*.class"/>
    <exclude name="**/?*.groovy"/>
    <exclude name="**/?*.scala"/>
    <exclude name="**/?*.flex"/>
    <exclude name="**/?*.kt"/>
    <exclude name="**/?*.clj"/>
    <exclude name="**/?*.aj"/>
  </patternset>
  
  <property name="project.jdk.home" value="${jdk.home.1.8}"/>
  <property name="project.jdk.bin" value="${jdk.bin.1.8}"/>
  <property name="project.jdk.classpath" value="jdk.classpath.1.8"/>
  
  
  <!-- Project Libraries -->
  <!-- Register Custom Compiler Taskdefs -->
  <property name="javac2.home" value="${idea.home}/lib"/>
  <path id="javac2.classpath">
    <pathelement location="${javac2.home}/javac2.jar"/>
    <pathelement location="${javac2.home}/jdom.jar"/>
    <pathelement location="${javac2.home}/asm-all.jar"/>
    <pathelement location="${javac2.home}/jgoodies-forms.jar"/>
  </path>
  <target name="register.custom.compilers">
    <taskdef name="javac2" classname="com.intellij.ant.Javac2" classpathref="javac2.classpath"/>
    <taskdef name="instrumentIdeaExtensions" classname="com.intellij.ant.InstrumentIdeaExtensions" classpathref="javac2.classpath"/>
  </target>
  
  <!-- Modules -->
  
  <import file="${basedir}/module_prototype.xml"/>
  
  <target name="init" description="Build initialization">
    <!-- Perform any build initialization in this target -->
  </target>
  
  <target name="clean" depends="clean.module.prototype" description="cleanup all"/>
  
  <target name="build.modules" depends="init, clean, compile.module.prototype" description="build all modules"/>
  
  <target name="init.artifacts">
    <property name="artifacts.temp.dir" value="${basedir}/__artifacts_temp"/>
    <property name="artifact.output.prototype:jar" value="${basedir}/out/artifacts/Prototype_jar"/>
    <mkdir dir="${artifacts.temp.dir}"/>
    <property name="temp.jar.path.Prototype.jar" value="${artifacts.temp.dir}/Prototype.jar"/>
  </target>
  
  <target name="artifact.prototype:jar" depends="init.artifacts, compile.module.prototype" description="Build &#39;Prototype:jar&#39; artifact">
    <property name="artifact.temp.output.prototype:jar" value="${artifacts.temp.dir}/Prototype_jar"/>
    <mkdir dir="${artifact.temp.output.prototype:jar}"/>
    <jar destfile="${temp.jar.path.Prototype.jar}" duplicate="preserve" filesetmanifest="mergewithoutmain">
      <zipfileset dir="${prototype.output.dir}"/>
      <zipfileset src="${path.variable.maven_repository}/junit/junit/4.12/junit-4.12.jar"/>
      <zipfileset src="${path.variable.maven_repository}/org/hamcrest/hamcrest-core/1.3/hamcrest-core-1.3.jar"/>
    </jar>
    <copy file="${temp.jar.path.Prototype.jar}" tofile="${artifact.temp.output.prototype:jar}/Prototype.jar"/>
  </target>
  
  <target name="build.all.artifacts" depends="artifact.prototype:jar" description="Build all artifacts">
    <mkdir dir="${artifact.output.prototype:jar}"/>
    <copy todir="${artifact.output.prototype:jar}">
      <fileset dir="${artifact.temp.output.prototype:jar}"/>
    </copy>
    
    <!-- Delete temporary files -->
    <delete dir="${artifacts.temp.dir}"/>
  </target>
  
  <target name="all" depends="build.modules, build.all.artifacts" description="build all"/>
</project>